<?xml version="1.0" encoding="UTF-8"?>
<beans xmlns="http://www.springframework.org/schema/beans"
	xmlns:xsi="http://www.w3.org/2001/XMLSchema-instance"
	xmlns:aop="http://www.springframework.org/schema/aop"
	xmlns:tx="http://www.springframework.org/schema/tx"
	xmlns:context="http://www.springframework.org/schema/context"
	xsi:schemaLocation="http://www.springframework.org/schema/beans 
        					http://www.springframework.org/schema/beans/spring-beans.xsd
        					http://www.springframework.org/schema/tx 
        					http://www.springframework.org/schema/tx/spring-tx.xsd
        					http://www.springframework.org/schema/aop 
        					http://www.springframework.org/schema/aop/spring-aop.xsd
        					http://www.springframework.org/schema/context 
        					http://www.springframework.org/schema/context/spring-context.xsd">
        					
	<context:component-scan base-package="cn.situ"></context:component-scan>



	<!-- 选择C3P0数据源，并为其配置必填的信息 -->
	<bean id="DataSource" class="com.mchange.v2.c3p0.ComboPooledDataSource">
		<property name="driverClass"
			value="com.mysql.cj.jdbc.Driver"></property>
		<property name="jdbcUrl"
			value="jdbc:mysql://localhost:3306/shop?useSSL=false&amp;serverTimezone=Asia/Shanghai&amp;characterEncoding=utf-8&amp;autoReconnect=true"></property>
		<property name="user" value="root"></property>
		<property name="password" value="Anhao123456."></property>
	</bean>

	<bean id="hibernateTemplate" class="org.springframework.orm.hibernate5.HibernateTemplate">
		<property name="sessionFactory" ref="sessionFactory"></property>
	</bean>

	<!-- 配置sessionFactory,HibernateTemplate要依赖这个sessionFactory -->
	<bean name="sessionFactory"
		class="org.springframework.orm.hibernate5.LocalSessionFactoryBean">
		<!-- 选择C3P0的数据源 -->
		<property name="dataSource" ref="DataSource"></property>

		<!-- 将hibernate的可选配置配上 -->
		<property name="hibernateProperties">
			<props>
				<prop key="hibernate.dialect">org.hibernate.dialect.MySQL57Dialect</prop>
				<prop key="hibernate.show_sql">true</prop>
				<prop key="hibernate.format_sql">false</prop>
				<prop key="connection.autocommit">true</prop>
			</props>
		</property>

		<!-- 这里使用注解映射的方式关联实体类和数据库表,指定扫描改包下的注解 -->
		<property name="packagesToScan">
			<array>
				<value>cn.situ.bean</value>
			</array>
		</property>
	</bean>
	
	
	<!-- 以下是配置事务管理器、事务通知类型属性、切入点表达式 -->
	<bean id="transactionManager" class="org.springframework.orm.hibernate5.HibernateTransactionManager">
		<property name="sessionFactory" ref="sessionFactory"></property>
	</bean>

	<!-- 配置事务通知 -->
	<tx:advice id="txAdvice" transaction-manager="transactionManager">
		<tx:attributes>
			<tx:method name="find*" propagation="SUPPORTS" read-only="true" />
			<tx:method name="*" propagation="REQUIRED" read-only="false" />
		</tx:attributes>
	</tx:advice>

	<aop:config>
		<aop:pointcut expression="execution(* cn.situ.service.*.*(..))" id="pt1" />
		<aop:advisor advice-ref="txAdvice" pointcut-ref="pt1" />
	</aop:config>
</beans>
